{"cameraMode":{"drawMode":0,"name":"Shaded","section":"Shading Mode"},"sceneLighting":true,"audioPlay":false,"sceneViewState":{"m_AlwaysRefresh":false,"showFog":true,"showSkybox":true,"showFlares":true,"showImageEffects":true,"showParticleSystems":true,"showVisualEffectGraphs":true,"m_FxEnabled":true},"in2DMode":false,"pivot":{"x":219.2934112548828,"y":144.88673400878907,"z":-27.119922637939454},"rotation":{"x":0.11754873394966126,"y":-0.20058102905750276,"z":0.024230802431702615,"w":0.9723920822143555},"size":31.29323959350586,"orthographic":true}